timestamp,sha,duration,total,passed,failed
2026-05-01T15:11:40Z,d042332e0d94a0ae21a8d70602e6893723da4e1d,0,0,0,0
2026-05-01T15:20:51Z,e39513420cf984875dd805f2f0e4486b4e8e7b02,0,0,0,0
2026-05-01T15:39:26Z,94401e8725b54d15340d19f93ed7009dca6cd949,0,0,0,0
2026-05-01T15:51:33Z,69d508174629604e8ec1a8e20b316ba4661086c6,0,0,0,0
2026-05-01T15:58:48Z,8e40849e36348c3c0a306a57607041989bac6360,0,0,0,0
2026-05-01T16:31:06Z,3035e01db4823c1978d24e707f71b99891ed165b,0,0,0,0
2026-05-01T16:47:04Z,14c2f0cbb19fff7ba4f6c782e62237794c70ddda,0,0,0,0
2026-05-01T16:55:32Z,97bc42333748f19718082ff011c374938c7389bc,0,0,0,0
2026-05-01T22:20:05Z,97bc42333748f19718082ff011c374938c7389bc,0,0,0,0
2026-05-02T01:36:03Z,dcccad8eaa1b377a4b1efa86327e6be1f05e0d36,0,0,0,0
2026-05-02T22:18:15Z,d304bff855b9c6cee288ec76e5c36501ebbcd292,0,0,0,0
2026-05-03T05:49:53Z,875bd2a26bbc26866023cae3ae0724bf39ad5397,0,0,0,0
2026-05-03T09:07:59Z,c70275d84bec527deb0c683dcd1070711d11d3a1,0,0,0,0
2026-05-03T09:11:24Z,26af1fc810b595c58c9c34f36f5e1b7c6cfc38b8,0,0,0,0
2026-05-03T09:16:58Z,26af1fc810b595c58c9c34f36f5e1b7c6cfc38b8,0,0,0,0
2026-05-03T09:30:20Z,4a849448f89e8f19ee9259961b085cb343a26975,0,0,0,0
2026-05-03T10:04:04Z,064989a8a59e10cdf33332f45a9dbfcc1731deaf,0,0,0,0
2026-05-03T22:29:07Z,064989a8a59e10cdf33332f45a9dbfcc1731deaf,0,0,0,0
2026-05-04T22:26:09Z,d085777c0bf866358bafc84cb2ffea8dfeaf7a98,0,0,0,0
2026-05-05T22:24:47Z,d085777c0bf866358bafc84cb2ffea8dfeaf7a98,0,0,0,0
